project_size,team_experience,budget,tasks_count,changes_count,risk
medium,3.457075619631647,197.03586769870338,152,4,0
medium,1.4400238406392567,163.53565318131692,27,6,0
medium,4.125676793709686,179.2763467082071,85,2,0
medium,4.410847074586821,231.69551888668713,100,6,0
medium,0.07344721701924539,200.14966455999777,192,3,1
medium,1.0467307397065229,217.01049884341688,118,9,1
medium,3.191760604750928,233.50396211010948,116,3,0
medium,2.525636111484627,181.2579268551195,46,4,0
medium,2.974798263743567,237.8124081814903,162,6,0
medium,1.72043410863963,218.94213017291972,80,7,0
medium,4.319096962294243,138.25934565442606,36,4,0
medium,4.166687903143423,272.1152395593122,197,7,0
medium,3.099046046341824,174.96276281215418,54,9,0
medium,4.690861810452049,117.24523284074081,22,2,0
medium,3.7012640133780685,147.74781452068487,34,6,0
medium,1.7110613056751427,148.9477419660839,101,9,1
medium,3.5531261761237483,202.60866593287668,38,10,0
medium,1.5616760987565017,186.30747472268814,171,5,1
medium,4.317675451960909,183.15840161797036,112,6,0
medium,2.9251111335206206,230.98509827412394,78,7,0
medium,2.7227064546821094,216.9937680596352,20,6,0
medium,1.978605683394088,215.80239353221432,106,8,0
medium,4.833812008011045,220.49142286643465,47,4,0
medium,2.7682057768967967,230.8067334001119,196,7,1
small,2.3575082667553393,94.60233291112785,72,4,0
medium,2.471799674267656,181.77808738677695,105,4,0
small,3.798463778330023,90.9894967755263,23,5,0
medium,3.5481660965461175,201.80299633988977,43,5,0
medium,3.6190989173939827,199.76835138878275,57,5,0
medium,3.646231504511824,252.27661373948402,29,5,0
medium,6.212471401305692,259.38171963605606,150,5,0
medium,2.3903774754230764,210.13875241261837,190,2,0
medium,2.231635906392694,174.981946130155,197,8,1
medium,1.7793409076281834,224.2580556272869,67,3,0
medium,3.9239691338632436,173.6041181337843,161,8,0
medium,4.693458439081337,199.93036742783255,110,5,0
medium,2.8290788135176874,249.30681584803838,28,3,0
medium,1.739765284556208,172.1114327005288,36,7,0
medium,1.7632781764631407,240.28393196212505,118,10,1
medium,3.9758891817370516,233.87006843461512,96,3,0
medium,4.114881256805163,152.26040914345893,21,3,0
medium,3.8147314024577925,248.69470641087005,187,3,0
medium,2.0017354390669584,234.92831726857526,151,7,1
medium,3.3482419846000795,205.09629436863287,110,8,0
medium,3.175028713711092,161.8838270986174,197,7,0
medium,3.3280328950935196,157.0396990712215,194,5,0
medium,4.307143166922285,173.11687115484887,195,3,0
medium,3.335393323162023,227.129723164598,66,8,0
medium,4.018370344607843,152.2187416299301,178,4,0
medium,3.101368604233337,221.8756124309935,110,5,0
medium,3.4336790980349763,137.91222355608036,150,2,0
medium,3.9469323387578106,189.79657077805754,174,2,0
medium,0.8142662702165003,205.48238772870044,49,3,0
large,2.520493175464048,322.2565072529458,100,3,0
medium,2.2944410185608066,131.13421722398164,43,2,0
medium,2.041683227634987,273.6007283245067,70,3,0
medium,2.5872866231599745,207.492120699364,94,6,0
medium,5.242411966851594,220.55859590079817,173,6,0
medium,1.7012533264601353,205.9173956694102,175,6,1
medium,4.452417531887221,222.23634090976165,90,4,0
medium,0.47569534257629287,192.31574478189913,79,4,0
medium,2.4976724550213376,272.7025090728729,115,2,0
medium,3.2441295976575084,177.1764427887639,184,7,0
medium,3.879333497038917,256.6117286089624,195,5,0
medium,4.066839869689282,167.78164398934885,60,2,0
medium,4.190020852799888,196.98740767993564,53,4,0
medium,2.4769123916273434,146.40187238548904,147,7,0
medium,2.3064723110031493,222.751186017376,74,2,0
medium,4.286963821885731,272.2562978463267,55,6,0
medium,2.7130435126775776,196.1321910089573,25,4,0
medium,1.0864705149931173,190.15571506480453,92,8,1
medium,1.3000691789947791,144.26915184660365,90,5,0
medium,1.620821570997583,188.5353673223846,121,3,0
medium,3.745741116080646,120.36028701392361,56,8,0
medium,3.213638604105848,154.35610066405863,148,6,0
medium,4.035728031101653,211.33930230545678,142,3,0
medium,2.3591210304951984,265.95065988706983,103,8,0
large,3.2378095366150714,340.46054306147516,52,5,0
medium,3.9383855909510053,170.67074574645497,111,4,0
medium,2.535980190419642,271.765007832272,141,3,0
medium,3.685162856336117,212.18762402008238,87,4,0
medium,2.007111088400023,192.43761766268122,67,8,0
medium,2.4554192301523923,221.62972258630762,111,6,0
medium,2.427393159002506,203.09582418399796,83,4,0
medium,1.2062405316164404,205.51978628061093,92,5,0
medium,3.7304587211783726,179.58334185866653,82,5,0
medium,2.295896489695914,130.09451701005747,74,9,0
medium,3.018741178091531,122.81873987389592,149,5,0
medium,3.7211199883588635,232.66224416406135,102,8,0
medium,3.669796764044916,186.16499549571432,103,3,0
medium,3.9980776634591795,170.19555501719168,137,8,0
medium,2.8522717732358647,200.42528133615767,85,7,0
medium,2.3650525319337694,239.74661264578137,38,4,0
medium,2.8804226836404014,209.0181971513199,173,3,0
medium,0.46899834906295523,167.19725316795163,30,6,0
medium,0.8293312913653691,261.3146477824475,122,4,1
medium,1.0159505814683965,278.9592751490816,67,5,0
medium,1.5041297585977773,224.72783276614265,58,6,0
medium,3.599661340085155,248.6831755672045,27,3,0
medium,1.6417814169599088,262.09799984069053,182,2,0
medium,2.4327561689409154,256.50496582022566,97,8,0
medium,4.948842446679098,230.7049588556312,81,4,0
medium,2.465604043407861,229.91735235374415,153,5,0
medium,4.106273352700629,225.98302866732513,27,0,0
medium,1.5995734799851844,145.1331162726478,121,5,0
medium,2.691843663198555,235.0361578429793,109,4,0
medium,1.574966917634128,132.2093014436723,119,1,0
medium,2.491450386149156,160.27002724374725,42,5,0
medium,4.2604622061860935,265.1782533904044,191,8,0
medium,0.40901936521147697,242.01100813470987,62,2,0
medium,3.651635465318786,274.36991448429313,142,6,0
medium,3.3566034034984167,186.4162808156354,154,1,0
medium,2.1087750664548084,142.3875579361616,81,5,0
medium,0.8309132184173181,187.97814014648287,43,6,0
medium,3.1081942615708043,205.1015648620287,73,3,0
medium,2.2057609364042965,203.94943581700048,165,7,1
medium,3.349014317032056,256.6840239378351,183,7,0
medium,3.032778218285164,181.93647874982773,188,2,0
medium,5.402668336981373,217.6017235901462,60,4,0
medium,2.6409665587904634,150.5686425282697,129,2,0
medium,1.4647537610672026,222.51586390219066,47,4,0
medium,3.2689134524344743,200.15542750928185,147,9,0
medium,3.329995025957648,162.50933308577413,94,3,0
medium,5.038781362860655,188.20853189125737,148,2,0
medium,4.252666868871867,190.79121267423892,143,4,0
medium,3.535306588724264,186.4922435331452,198,8,0
medium,5.194954336829342,288.56706211338417,107,3,0
medium,1.2168554185157237,195.077699884606,81,3,0
medium,2.0403727008753783,187.8051944911331,114,2,0
small,1.6101360878917126,95.12745211949292,49,5,0
medium,2.415285295266348,155.28963240102613,40,2,0
medium,0.9349707786655368,186.84632877718235,113,1,0
medium,3.9527264202216066,165.70736619116786,168,8,0
medium,2.66666595435184,269.08537966888986,115,3,0
medium,0.7937905582460132,191.75311123018906,160,6,1
medium,1.4766313781886877,264.4222124659126,52,4,0
medium,3.4702707711752927,203.0852317025184,100,4,0
medium,4.257189851841572,201.86139182107883,130,1,0
medium,5.99509633753768,195.56017761437496,82,7,0
medium,7.370793699010994,200.18981258107294,22,6,0
medium,3.6216141499139947,285.939750152493,33,3,0
small,1.5156928199522037,84.01946366243908,186,4,1
small,0.0,99.92271277806606,128,9,1
medium,3.4015671935157537,172.8414584471943,67,6,0
medium,1.7805883570345111,200.72639409687844,66,3,0
medium,2.376964109730472,234.50522123820062,27,8,0
medium,2.081854801410288,223.65435990137377,190,4,0
medium,2.788813670375422,180.7877043559715,39,3,0
medium,4.598970346181465,250.95218466208811,156,6,0
medium,3.235572851168017,251.50977015763655,63,3,0
medium,2.7620477444419675,209.20289156357828,80,7,0
medium,1.4465193707612825,248.13287862434206,69,3,0
medium,0.48797558294346455,213.63226317160644,168,3,1
medium,2.2705381363900035,171.92584866085582,25,8,0
medium,2.9193261737725194,234.89084195000024,83,0,0
medium,5.651894870369825,205.53065612893388,70,5,0
medium,3.195411782209329,200.06699233772434,69,3,0
medium,4.474109266534587,273.6476786094787,54,7,0
small,2.251056602191272,77.45639357299568,184,9,1
medium,1.2225843503744631,129.11579149202151,88,9,1
medium,1.5523248566514423,140.6464786812815,95,0,0
medium,1.9121609031963702,181.83696762155972,89,8,0
medium,6.192704598652747,187.2695915116985,196,1,0
medium,1.7679199811634208,124.63371761134763,81,13,1
medium,4.257733805604517,150.74209838445867,81,5,0
medium,1.6456092328694605,156.95791607382148,79,4,0
large,4.397359519311366,322.8712046037946,78,3,0
medium,3.5774264491587946,290.08709738735735,36,5,0
medium,2.7650431535128646,179.41252911576754,128,5,0
medium,2.938856210796849,181.82083548466005,24,6,0
medium,2.0178184568559145,142.5398001405853,60,7,0
medium,3.669108302223121,104.59347933873666,56,10,0
medium,2.31752477948883,194.1559906795738,72,4,0
medium,1.1615913543491279,150.1074008377987,156,4,1
medium,1.083093638520571,195.7574734168995,127,9,1
medium,3.258881876583179,119.98970754782613,198,4,0
medium,5.368636884615652,161.9012770844871,83,7,0
medium,3.2399874203601575,207.43135476514155,187,2,0
medium,2.822042510835176,218.31047988919687,28,3,0
medium,3.4287392094038145,220.87359793710073,110,7,0
medium,4.959002612560237,133.97555079214814,163,8,0
medium,3.3290737520457845,242.7342865067781,115,5,0
medium,2.3836091537493944,159.9894151699075,187,4,0
medium,4.659433065089833,231.64289573036532,76,3,0
medium,3.6431346576924204,199.46806616909035,25,3,0
medium,5.303633987993988,131.18062504610262,159,5,0
medium,3.274851655832859,184.1901147709406,32,3,0
medium,1.1632964524192495,218.26818710318838,157,3,1
medium,0.9477612011315025,230.64826902372994,152,6,1
medium,5.476391898346875,192.95060512777906,171,4,0
medium,5.585498581174946,276.58894453005263,106,6,0
medium,2.730721180076099,250.37553854932796,181,2,0
medium,2.4252190182960183,187.16729418001236,50,3,0
medium,5.192166438363303,237.50609060684724,98,4,0
medium,1.339431476934768,296.68967425940934,41,5,0
medium,1.6579094715662603,298.02423003915135,158,1,0
medium,3.9649901920335666,138.60000595887513,148,5,0
medium,2.4080923157106158,153.67334444214248,165,8,1
medium,2.992317199919893,274.2459393366926,157,13,1
medium,2.7548356522132313,147.08594745811814,75,8,0
medium,3.5063618231984,133.87294333541604,32,6,0
medium,5.111222791970575,175.69029346504766,187,4,0
medium,3.135877360352618,221.01133547372928,108,3,0
medium,3.965908189915287,194.88016466944518,36,6,0
medium,0.0,167.47181897972038,186,4,1
medium,2.926922397104823,166.28937691377456,198,12,1
medium,1.7351545945606932,164.38314677936455,100,6,0
medium,1.1717804093645579,156.02451856705287,158,5,1
large,1.6827714496068737,314.0816438638031,26,2,0
medium,2.498814838948782,214.87555355927773,36,6,0
medium,4.373853813534019,244.33795272023693,69,3,0
medium,1.010410923390654,175.54612659405382,138,6,1
medium,3.045947238891626,190.70216614069756,44,3,0
medium,2.2737458499996324,164.32230093148226,26,7,0
small,2.508490358457059,67.41458325403991,140,7,0
medium,4.504136737956906,131.09953615760668,158,5,0
medium,3.807173155505889,109.46906600098026,153,10,0
small,5.006097161164115,87.51081110241962,163,4,0
medium,2.7682414811251492,140.23205128509485,164,5,0
medium,1.9560860824939454,266.2477839690815,128,3,0
medium,2.664211774679251,197.7781916147823,113,6,0
medium,3.3637451869068324,264.5281881160587,174,2,0
medium,3.2648600376805668,220.54912884504375,82,2,0
medium,1.3734178916499502,239.12794128575797,37,3,0
medium,3.1357346724418114,154.95515023477125,155,8,0
medium,3.342342495208358,226.19754770963354,69,6,0
medium,6.77621105630088,236.4357117037173,196,3,0
medium,5.815266916922505,171.16763538831535,94,10,0
medium,1.72013497416177,227.97701853080832,173,7,1
medium,2.568924957676236,228.30938792874164,27,6,0
medium,0.8048369972444953,172.52236894349585,138,6,1
medium,2.1139394790547703,143.86157838645025,100,5,0
medium,3.4734075053855107,140.7935834050864,103,2,0
medium,4.80878043133235,204.32527709607308,67,4,0
medium,1.9063742433845872,216.35049343946574,194,6,1
medium,2.018780339898305,160.3737084771043,90,6,0
medium,0.0,201.32926706630494,173,3,1
medium,2.7560011191826383,228.52685180692427,96,3,0
medium,1.4063783822106553,230.90953573326505,28,4,0
medium,2.2058408589508893,277.5940060061244,178,2,0
medium,1.6847088327486177,263.84904160990214,53,5,0
medium,2.8586061686211646,149.9354283621728,68,2,0
medium,0.3634074129650531,284.17931047690115,174,6,1
medium,0.7994321319135141,173.45117477221427,180,1,1
medium,6.193870668042447,252.2436406227214,185,3,0
medium,1.0688661280889535,203.39933130255443,96,5,0
medium,1.3548216323180404,179.39253107715163,156,4,1
medium,5.755370292481971,109.61515701125336,79,3,0
medium,7.35760075386061,191.42177448918258,153,3,0
medium,1.2426500567619874,122.03083823471955,110,6,1
medium,2.4476265648179543,248.36496179213862,29,8,0
medium,3.512333326410764,275.8396328569624,95,7,0
medium,5.593046466608389,160.1544505351655,104,5,0
medium,1.5197143823576438,215.09853712596356,66,11,1
medium,2.632083231086835,163.73042389960122,87,4,0
medium,4.166006364092616,168.5757634931605,110,6,0
medium,3.652149111699928,238.72473519326857,28,1,0
medium,2.435765893154851,198.07308690782938,47,5,0
medium,2.799265553225938,286.9824020965506,158,7,0
medium,0.9376562874450273,175.88837606485396,83,4,0
medium,2.642739384038002,249.96681662372447,129,6,0
medium,2.6004187649865673,204.87067064788909,121,6,0
medium,3.348254834439384,239.78890048721166,119,8,0
medium,2.167009171771476,177.64211713350267,94,8,0
medium,3.7073077838177086,197.52205812242087,106,9,0
medium,4.519073726729743,194.22505603505326,168,6,0
medium,3.233143991502699,158.19714425771065,193,3,0
medium,3.5276346125988054,233.10407672908764,66,6,0
medium,3.079733021366801,232.5124502789182,140,1,0
medium,3.000126589637121,229.67773474527834,194,3,0
medium,1.917662949685729,276.84828269588223,21,6,0
medium,3.474741392509962,272.4672400618152,161,9,0
medium,2.8540701023797657,181.25276550754324,109,9,0
medium,6.139752463395892,218.6526159217089,194,2,0
medium,5.360032353712864,168.81996553708936,124,5,0
medium,3.5787698288347514,201.16776580572778,170,3,0
medium,1.8554141854578488,170.01252754405675,49,5,0
medium,1.331382792024873,281.0035154568026,45,2,0
medium,4.786714429633298,218.18490751714813,186,4,0
medium,3.394123837720708,189.0985435947789,114,3,0
medium,3.720215105087416,259.6809285928189,120,3,0
small,0.383121019538711,91.46922951022943,50,4,0
small,4.3911577223372715,99.2948702567355,60,4,0
medium,3.6816305073215445,239.7919327609887,167,3,0
medium,1.334353973378283,203.02342240586842,74,9,1
medium,2.2927127888250767,212.52231501303802,125,2,0
medium,3.3955758065347794,133.68019483407255,76,4,0
medium,3.0787001975343653,198.8383144574817,67,2,0
large,2.5617432212946674,300.1754705200671,49,9,0
medium,2.844767597901059,241.20998098979314,187,8,1
medium,2.6220339326896718,208.4853272571406,189,4,0
medium,3.2288437681537028,178.04730449475312,40,4,0
medium,5.207237959489736,180.2713574065303,83,5,0
small,0.0,93.54010553999912,121,4,1
medium,2.6447246032354736,212.88202104605804,88,7,0
medium,3.2647686320586704,242.2741554240927,149,6,0
medium,3.4439909845306493,121.21903364146924,66,2,0
medium,2.4421281280180653,166.9291553846592,30,8,0
medium,0.36491732628212614,142.12676838832888,80,2,0
medium,3.4919932255711643,151.73244025956183,127,5,0
medium,5.591025321246278,202.67408134109502,52,3,0
small,0.6992078926257935,95.77989225057628,166,3,1
medium,4.295742020547283,230.7135219178532,22,7,0
medium,2.507212165315659,237.6927534966841,32,4,0
medium,2.908013481256729,187.44487059815438,111,8,0
small,1.4206522339440766,75.96457450077293,112,5,0
medium,2.498315741466185,150.17906869988053,73,4,0
medium,4.950066892048437,261.64509670513485,66,5,0
small,3.8739828629815607,61.10028596357138,32,6,0
medium,5.598467408114916,182.62382939032403,139,5,0
medium,4.766117833466541,140.99996107663705,88,5,0
medium,3.6586300183943643,240.22851507924182,41,4,0
medium,5.615901789251688,166.24430239282694,91,6,0
medium,3.658489738107448,220.1977010367806,188,2,0
medium,4.241982265195588,228.27302095845465,67,3,0
medium,2.5551435696979374,291.811291986501,181,0,0
medium,3.099818723788807,189.85290281623148,66,4,0
medium,1.9538642650495848,218.80221848113058,53,3,0
medium,4.48437590189228,125.7472260436282,66,2,0
medium,1.2325445653277016,259.5206781646872,78,7,0
medium,4.173525513626492,161.97455759643177,41,2,0
medium,2.714023413742261,171.9622917956127,125,6,0
medium,4.7568706402009795,198.88761025753945,80,5,0
medium,4.12630348309689,121.85578273300752,149,3,0
medium,5.7309692364702025,211.4385014464469,108,6,0
medium,4.096162036707967,248.37331364625055,99,5,0
medium,0.641939616520139,214.64669117486457,104,4,1
medium,2.899570240652699,120.55512179106374,48,8,0
medium,1.2419892111077762,193.80953528351702,148,5,1
medium,2.2225802364505878,237.10144514897453,38,4,0
medium,5.266842649915082,106.1005617017046,149,3,0
medium,3.956300716346544,146.2616993091143,199,4,0
medium,1.9516043571318806,243.827180204076,157,5,0
medium,1.4794239503394016,213.50477170986431,101,3,0
medium,3.0491731393143913,220.5985791063377,76,4,0
medium,1.1751597759283083,292.9747403811656,177,9,1
medium,1.9932895839051283,223.42763892531013,66,4,0
medium,3.4680142073268656,232.89440052165898,106,4,0
large,4.732968054160044,335.5372763609163,158,3,0
medium,3.9131422083366596,189.30977209547547,186,5,0
medium,0.0,160.10586181907524,185,1,1
medium,3.4565500935453897,221.38981991235664,35,5,0
medium,3.1080503598488667,221.94955146944474,181,5,0
medium,3.62083542805904,173.66423040268958,40,4,0
medium,5.424314522476811,148.38014902225763,125,5,0
large,0.0,315.4922211045039,187,3,1
medium,2.1133448622133417,216.34217351940114,137,12,1
medium,3.8863594841900317,163.38573092989623,190,4,0
medium,0.6276084008190865,245.79651511397992,81,9,1
medium,5.2139235720802635,194.54274242193327,76,6,0
medium,3.5525349190509874,187.35592768410842,78,4,0
medium,4.269875978765106,228.11364359572465,83,6,0
medium,2.1435845077173084,135.4058865884155,142,3,0
medium,4.220645534949316,217.63136019585863,101,4,0
medium,4.602707333983558,295.6477403865876,152,4,0
medium,3.3493170302057527,223.30888310986555,94,0,0
medium,3.351601339048044,181.18939481082677,75,2,0
medium,3.4055148589225888,174.6447359785879,54,7,0
medium,1.7049821028909276,179.48300133274452,119,4,0
medium,2.7787069796394706,187.30186609761094,181,5,0
medium,2.7712162013214616,181.1096733620864,174,6,0
medium,3.5750907965302425,245.81557205372835,65,2,0
medium,4.499736370365442,113.33954483955084,105,3,0
medium,1.412195877032386,243.1000025206067,146,3,0
medium,2.8124864545206334,181.01567374287194,130,9,0
medium,5.22218332148846,218.8473892847686,32,9,0
medium,1.884617656781154,143.6506044899568,126,3,0
medium,1.7666249740645195,266.43155334247183,26,2,0
medium,3.3034592877467905,262.28174800859364,40,6,0
medium,4.26657778572798,247.9795262875037,137,5,0
medium,3.017139083340989,124.26226121032303,38,3,0
medium,4.993440885655484,241.45605355330264,81,6,0
medium,4.28519097384979,220.24275438178543,125,4,0
medium,4.262730100335093,119.73643764337162,137,3,0
medium,3.83117475198614,198.78513081145923,100,3,0
medium,6.4914796505191275,218.22672445166313,36,4,0
medium,2.6922574667009336,227.80376369115754,163,7,0
medium,0.0,208.86306834744278,190,8,1
medium,5.406381542275711,214.56157084236898,179,4,0
medium,2.3134508535647615,273.6805696126548,154,1,0
medium,3.1618206665145494,261.301695495534,92,2,0
small,4.964326027290791,56.647252310862825,177,9,0
medium,0.596610688411612,184.1280722581159,107,3,0
medium,1.1225291788407907,191.76744862280245,44,4,0
medium,0.5980830943217195,112.39507136365144,173,5,1
medium,1.8087955649618643,204.7091529116156,77,8,0
medium,3.65945490902549,262.4378886205253,188,3,0
medium,3.7862817642191566,145.67160702047047,86,6,0
medium,3.4144112689928305,216.8200469344936,176,6,0
medium,0.8808511741614503,154.2088261351781,116,6,1
medium,0.0,166.40439881601617,104,1,0
medium,3.0815303780855734,273.86968170850173,73,5,0
medium,2.292335949542496,172.87210899440876,170,3,0
medium,3.6890786575749175,223.11062445053125,30,5,0
medium,4.052930439331905,106.43909419695065,104,3,0
medium,3.207362148088023,293.115878069744,86,6,0
medium,4.1401996280637805,230.13262231532494,117,5,0
medium,3.3438170611726026,190.87500786748691,65,7,0
medium,3.7950970584022,228.77732549999473,139,6,0
medium,1.9429901056951764,129.5090285526095,89,6,0
medium,2.7305828792528124,259.12653708763287,53,7,0
medium,3.295164144985436,183.8007612251785,55,6,0
medium,4.230792713126128,189.79652424757828,145,3,0
medium,2.409388241663142,175.41721925172578,67,8,0
medium,3.781750883598169,170.96742986272076,75,5,0
medium,2.6012418121269314,234.73353058142044,132,7,0
medium,2.8236867490078046,212.79534250521115,79,5,0
medium,4.24427856303611,232.58740707015198,89,10,0
medium,0.010409443418766151,199.56026552572143,64,5,1
medium,1.0552915078878584,225.65999055385905,82,4,0
medium,0.7767219038357689,179.05756280374808,144,1,0
large,0.0,311.4865920704774,116,2,1
medium,1.982603339767235,121.60347917847507,199,5,1
medium,4.124150849591611,263.04686617814923,158,6,0
medium,2.572673900426138,268.3953725360485,23,3,0
medium,3.2966851229127783,157.3920597017203,88,4,0
large,4.633826245066189,311.46368052779866,72,5,0
medium,4.991529198401538,249.7745141472659,125,6,0
medium,2.8962930979107906,248.55695034114558,67,5,0
medium,5.030378834354096,201.40110935129383,193,4,0
medium,3.1381899876511636,189.13869208906618,73,9,0
medium,1.743902664258807,189.5295586480196,113,4,0
medium,2.108399471701897,219.52652981597586,42,1,0
medium,0.7791952311524756,270.0593137516948,183,3,1
medium,1.6677992193995215,209.06571089307099,184,5,1
medium,2.462974967888356,154.4278188431355,162,5,0
medium,4.205377529067903,241.221353119249,83,5,0
medium,5.581154746748975,246.05753731973962,30,5,0
medium,0.9267277269344399,232.7329764223893,147,3,1
medium,3.5892412023898785,237.27494532624914,97,6,0
medium,1.4391840912636984,186.4535934921096,198,6,1
medium,3.712045632694803,153.55054164347104,145,5,0
medium,2.80337002396841,156.590328467961,116,8,0
medium,0.25364126122870445,118.2268375771071,197,9,1
medium,4.3924454873527266,211.8474305772975,164,5,0
medium,2.0924989307869035,195.8275608386703,102,6,0
medium,2.199149642439668,178.00061477351457,23,5,0
small,1.395371383065465,52.21905878274651,36,3,0
medium,2.018575084968667,137.63412651529154,99,5,0
medium,3.641835661042376,256.0420325701583,121,4,0
medium,2.716133488595392,166.76869999684345,25,3,0
medium,3.4929930034237215,218.02958388284208,42,8,0
medium,3.5428827808932657,130.46572850123718,146,3,0
medium,4.98099248329225,271.93527411796157,155,1,0
medium,2.485820773703431,192.79861699726618,25,6,0
medium,0.7847132747314023,214.50201982417676,111,5,1
large,4.600833624857975,316.2889895940842,34,4,0
medium,2.502767741854118,275.8220050294702,150,2,0
medium,4.6718886668660655,184.6717189356471,170,0,0
medium,3.5750656697737058,170.33899075648205,176,4,0
medium,2.8032937046949824,183.72274942402342,127,3,0
medium,3.523163841069443,225.49491242382678,133,9,0
medium,5.926518840189449,194.73879328745645,186,4,0
medium,6.11547079358063,180.2377927498264,130,3,0
medium,3.104071702699168,273.3590625354521,100,2,0
medium,3.240285889975613,194.28950541110817,155,5,0
large,4.614360236199579,314.979454651866,126,2,0
medium,1.7315084508489793,204.53712818760866,171,2,0
medium,3.4996055589273825,289.2659197112364,114,2,0
medium,2.9612057280692152,217.86597113553134,176,3,0
medium,3.4708623171863304,248.1480286624724,28,5,0
medium,1.7499467910758915,163.7694474241138,26,4,0
medium,0.6156487600365466,157.3120388706294,37,4,0
medium,0.0,222.98529775074937,120,4,1
medium,1.3239238305155883,249.42766212326575,147,3,0
medium,2.3119870725910006,202.01282510002315,58,8,0
medium,2.5602126200268573,135.68033324581515,48,3,0
medium,5.905846743644275,131.98708168553364,174,12,0
medium,4.658990054860947,128.64317989068795,155,6,0
medium,1.556863325487559,111.61889435303095,136,8,1
medium,3.5215626786764354,205.47426797235437,107,4,0
medium,2.3893826454745124,256.25219608540124,95,4,0
medium,2.5734542429398575,199.32921065375956,23,5,0
small,3.277988474123073,86.97926213310738,53,5,0
medium,3.92875667546309,190.46197698327256,181,4,0
medium,2.491112274173977,191.86005016836964,81,2,0
large,4.595777299101538,304.799937511272,146,7,0
medium,1.287092660786394,127.14310435402219,146,6,1
medium,3.0095085935434027,180.46611987004022,75,4,0
medium,6.896510589893748,285.2926340272282,56,4,0
medium,3.3346196139379125,222.4989170673274,144,11,0
medium,5.149821759909259,228.16565367582123,36,8,0
medium,3.137280267259812,205.7292218511939,109,5,0
medium,3.8711656429946952,216.49717693286323,179,6,0
medium,2.9148252084109627,238.8804765139268,148,3,0
medium,2.7443886282536933,159.5256840553617,157,8,0
medium,1.8307764049118704,243.90292894541,34,3,0
medium,3.64545203843633,131.34984915572304,55,3,0
medium,1.722694216221348,216.4183986415769,69,5,0
medium,3.9983778544701436,208.93704816431637,72,5,0
medium,4.627930506668865,169.1853455903946,54,6,0
medium,3.549797110855845,198.86573623371766,194,11,1
medium,2.570626899666462,168.87299236672234,49,4,0
medium,3.680948368963044,146.41493365691278,147,9,0
medium,2.536990416680381,182.3192629193178,125,5,0
medium,4.403320688197724,144.80056823141692,129,3,0
medium,0.25289087367731455,216.1398732046624,58,3,0
medium,2.4965889478220307,142.49572529238182,75,4,0
medium,0.013782007314003364,235.59885114955256,129,4,1
medium,0.7574087546591924,140.926046603559,73,5,0
medium,5.045793344720864,171.68525422094967,144,0,0
medium,4.342777472957529,168.76982958924106,27,6,0
medium,1.9207796500728145,266.25733644374196,33,6,0
medium,0.7462448159386545,216.5144972808296,151,3,1
medium,0.0,189.41330987278027,131,3,1
medium,2.184756738101048,224.93597205348615,27,6,0
small,6.630622518371103,94.6403826335156,181,5,0
medium,3.652326407195471,197.84332051795462,20,4,0
medium,2.160641570925766,299.8757088902381,191,5,1
medium,3.6976203142504596,206.61732532013363,151,9,0
medium,0.6585624705083357,203.39565845846678,197,1,1
medium,2.554014955953547,227.4064189821098,190,9,1
medium,3.149216209523608,244.7802621657173,76,2,0
medium,2.8708490222684273,100.12666535550701,156,6,0
medium,4.186209182535121,115.88367591044866,57,3,0
medium,3.5169678393540784,210.51456455430733,104,4,0
medium,4.002489027161995,164.25617190512452,63,2,0
medium,1.9674415766538609,265.6012631109957,107,8,0
medium,4.346723112615822,184.2412805057388,177,7,0
medium,5.443405421435987,103.2734632143441,98,4,0
medium,1.5447757205228811,136.59930415780016,36,7,0
small,1.6684565164281604,62.51619901847123,78,6,0
medium,5.0036765044803495,188.29372313585438,161,4,0
medium,2.7129840199574096,190.58079363678084,113,5,0
medium,5.105732088099836,178.7768645109051,120,4,0
medium,2.3361964321617243,253.94395195148692,97,4,0
medium,5.182568364406067,259.92599182583467,72,3,0
medium,3.1972287252081784,191.48057883219445,127,4,0
small,3.387343234984043,93.2653166261572,133,7,0
medium,5.347077032504856,230.86407902461292,181,2,0
medium,2.457344283833743,227.76801142542877,131,5,0
medium,1.5883168561125625,215.46957850784725,199,5,1
medium,2.3271536879574684,249.0739874654058,168,4,0
medium,3.678500925964708,141.758595176948,34,9,0
large,0.6513613917292285,300.43776930925696,90,6,1
medium,3.956206353976682,152.0286123429066,89,1,0
medium,2.191843023573385,237.46114636004273,20,4,0
medium,4.721718991100345,115.63261527933241,52,5,0
medium,0.0,153.48676563649747,157,4,1
medium,1.820151337343747,275.8184323362668,83,6,0
medium,0.470297773148847,186.9550088499575,46,6,0
medium,1.760655800454071,241.9961302566399,71,4,0
medium,3.371498851663415,211.8477694359623,69,1,0
medium,2.7311600618253675,194.75209219999135,51,9,0
medium,2.6199336465779774,268.19251624663445,38,10,0
medium,2.7612226929299086,188.167058767405,157,6,0
medium,3.305082360929915,110.96309462182647,168,5,0
medium,1.4871959370853385,159.83799540241475,109,2,0
medium,4.060274461348576,227.5595864350847,130,6,0
medium,3.993998955578226,219.7754553181254,185,7,0
medium,3.5775569064841517,121.6470874882281,171,4,0
medium,3.8348001641268947,163.78287402958995,25,12,0
medium,3.4446270012129894,170.91393253988767,191,7,0
medium,6.052609954096601,181.72652029428875,32,7,0
medium,2.8693587434212353,131.20432056992243,24,6,0
medium,2.539375172498135,168.58144459402607,92,4,0
medium,1.8697086294639331,163.56947573702362,154,4,0
medium,1.4516059941332449,238.57666298809596,34,6,0
medium,1.133292318598387,240.45606554951218,72,6,0
medium,1.6668040301536222,192.7094770955592,67,7,0
medium,2.893979427521893,180.39801020646343,91,4,0
medium,3.5014426927465716,206.99621560195567,197,3,0
medium,3.0767130878282427,159.17124462722126,79,4,0
medium,1.8516970838554305,142.65839589162795,57,7,0
medium,4.350276846029945,152.98893955371415,42,3,0
medium,4.1091190084514215,168.25934180142715,55,4,0
medium,2.7605275388669743,141.82631001038644,43,6,0
medium,2.0206257830029317,208.10297795314375,123,3,0
medium,3.8226418812446994,236.4857836891854,95,5,0
medium,3.281960381229157,120.64508496008791,109,3,0
medium,0.8278091108774286,201.25643556080166,169,2,1
medium,2.8980296160233925,189.00321023668323,124,6,0
medium,3.3930537181115716,217.07543427684016,47,4,0
medium,1.6504578202683693,199.3530615948206,87,6,0
medium,3.2847650892561644,127.32003600341845,76,7,0
medium,0.8177662721133163,136.88053505714174,168,4,1
medium,5.004279150018256,201.47117877924865,75,7,0
medium,4.871924977589147,251.43904598727548,44,3,0
small,2.621223998545553,89.29063144784986,152,6,0
medium,3.5451815067586097,217.286328990079,97,5,0
medium,0.0,259.4811002643822,37,1,0
medium,1.2654785096020007,192.34870618968935,144,5,1
medium,2.5593316197718052,227.51012480132204,57,4,0
medium,1.3918004678597113,164.8465459551099,176,6,1
medium,4.071594723945989,194.03169003615616,169,6,0
medium,5.995944796121991,118.95432408459243,86,7,0
small,1.235077920856047,82.78283457905631,120,7,1
medium,1.7438048938722108,247.13829006126377,122,2,0
medium,3.3531725524648954,150.75025361377791,137,6,0
medium,5.416674222749431,177.22360774982846,32,2,0
medium,1.1664385311901453,130.67788733649033,78,10,1
medium,3.373554183460413,129.5015148458062,50,4,0
medium,5.731948276219663,191.3081149952692,145,1,0
medium,0.5223612777310991,163.52114029321768,32,7,0
medium,1.078396189731252,218.89854989973492,113,5,1
medium,2.3645900903087425,222.6269209489796,151,5,0
medium,2.2191173807168836,216.04248231623035,190,1,0
medium,4.218901931630467,211.9300395464222,71,6,0
medium,3.3624895797312573,278.88841024659433,21,5,0
medium,0.3375569105368076,146.6203115477557,150,2,1
medium,3.7731156043512164,197.2532566898541,20,1,0
medium,2.133691668966524,256.63449102597946,31,4,0
medium,4.911670825411859,263.22699046690184,198,2,0
medium,2.0586186953446206,128.91181753277135,175,2,0
medium,2.0450770753466463,184.3822279172065,147,5,0
medium,3.811697416206797,267.906054793363,170,5,0
medium,4.144389723505405,225.40395525995328,33,4,0
medium,3.6721490459043054,209.76315157398864,36,8,0
medium,0.47160402392278766,189.11576532826717,74,6,1
medium,3.8070516598923767,180.80995371461273,24,1,0
medium,1.4485379224884016,214.41095315451622,179,3,1
medium,3.3529141673823952,187.38129375077582,30,2,0
medium,0.8643983469014097,197.8710689477778,117,0,0
medium,3.6694832213145956,203.92993530575185,173,5,0
medium,1.7901016435389412,166.09642357532505,152,4,0
medium,1.0760480246092174,226.6064686940719,62,3,0
large,4.070730204723599,345.712232420771,104,10,0
medium,3.362466782515127,111.15066803369625,118,3,0
medium,2.0790347979106545,216.200626209499,158,0,0
medium,5.1767682735315965,161.99049556905473,96,9,0
medium,2.3390213676453864,228.8701288759625,71,8,0
medium,3.048161510956402,202.32787366639306,163,2,0
medium,3.4033701715179014,238.09273870212317,179,7,0
medium,2.0705010988070796,258.775328825439,108,4,0
medium,3.706704440099894,209.62105588840907,25,3,0
medium,2.1998214792529134,256.6026144207089,110,6,0
small,2.382542516675686,82.78510531056614,180,3,0
medium,5.043963959705012,279.52261489580115,198,4,0
medium,1.4391209212313503,218.753107594617,92,4,0
medium,0.0,253.8921677872591,47,4,0
medium,5.416405492517842,139.00621275792392,122,4,0
medium,6.823991928910504,158.4615059197332,169,6,0
medium,2.3920961018260023,207.2969147072387,190,6,1
medium,0.09474293906972209,199.14810553312685,29,5,0
medium,2.5342740357060842,214.15342940049948,72,7,0
medium,2.570665575238996,254.2257580464983,105,4,0
medium,2.7151142384666143,111.73898423485754,37,4,0
medium,1.3299179371172276,248.69095358586546,179,2,0
medium,3.869341713714716,200.41409549789634,40,3,0
medium,3.7867610629291293,189.8109069437726,139,2,0
medium,0.7583915702710402,126.44423828075548,185,4,1
medium,4.048795097542332,225.15243341884326,143,6,0
small,6.0790274729188365,79.29460744844815,157,11,0
medium,3.2579404986555898,232.41970056193563,67,4,0
medium,2.494012256897241,125.3947082263504,168,7,1
medium,2.786995178388718,202.6728956308737,95,7,0
medium,3.9228851504528417,194.04155813360398,31,5,0
medium,0.4039925917391727,258.47690736469417,85,7,1
medium,3.2465860544659533,191.0672415493055,82,7,0
medium,2.4143040758057848,165.29307194271672,113,10,1
medium,5.771737519434068,174.66986520143985,67,7,0
medium,2.738740899292563,263.6441384377332,103,4,0
medium,5.50183141667928,226.81484845904467,97,6,0
medium,1.3443889533269893,180.71850092384193,78,5,0
medium,3.880888750204188,188.17767900177432,145,6,0
medium,3.479100395686843,121.64114547072765,74,4,0
medium,1.6964291282028263,219.42371004257706,157,5,1
medium,3.2660941719554106,112.00921461522671,65,3,0
medium,4.818778255247401,237.5898232917728,175,6,0
medium,2.5143124435700988,206.4310796245633,85,2,0
large,0.46205602624535513,319.34758997869613,27,5,0
medium,2.973655760283831,144.9932223137847,46,5,0
medium,1.6463653578112312,194.86689544796835,165,1,0
medium,2.4864885920041764,289.91438504615314,176,4,0
medium,2.8776183454723183,259.5694820145707,58,5,0
medium,0.4415216759767242,165.18939742100503,128,7,1
medium,0.5765124910189829,211.1983714186724,123,7,1
medium,3.7231002532882878,200.09996782075436,44,9,0
medium,2.2159219557454795,214.09779336970786,101,10,1
medium,0.0,165.0659782007585,144,3,1
medium,4.177266054912202,195.53397986496327,194,9,0
medium,3.40855463291136,120.09738123616431,172,6,0
medium,1.9291877639452741,206.7561725934041,37,8,0
medium,1.0247546834126378,222.5010336710916,62,2,0
medium,4.253711844471506,188.6290293678058,98,5,0
medium,3.5240259338406443,119.24745547076061,47,5,0
medium,6.57390342402611,249.42659314257313,122,3,0
medium,3.630282898087406,218.22625189964012,21,3,0
medium,3.5815547118930224,163.69924511495117,40,5,0
medium,2.749608104837152,185.9699776580968,28,3,0
medium,4.2251638008011865,124.96652986090805,73,8,0
medium,3.9376278018722304,148.72949361110477,157,6,0
medium,4.877587512847793,173.10943268214302,51,4,0
medium,2.218015622044073,261.42104061400755,197,3,0
medium,2.3468887905840567,168.02483045562622,68,10,0
medium,2.2813452436320296,232.01068296643794,28,9,0
medium,4.186202581768484,173.084189856921,80,2,0
medium,5.247561660445098,212.39737804259374,154,9,0
medium,2.311739260276049,192.9302248928099,39,3,0
medium,2.362839408310363,243.65283000463717,32,2,0
medium,3.471115835804699,173.2594330890721,172,4,0
medium,2.6313577499806478,121.37358749987796,126,2,0
medium,4.428080479709835,130.90254843181836,81,4,0
medium,0.0,173.40612530286214,156,5,1
medium,1.7599424296246582,137.54700146609736,171,1,0
medium,1.8263754990578311,220.51060078397757,84,6,0
medium,0.0,176.7115917570961,121,7,1
large,1.5545423334467938,318.7303275013216,21,2,0
medium,1.6272658262311108,113.1142702431434,75,3,0
medium,2.6983430182217547,210.18165893549005,127,3,0
medium,4.669448837490395,143.60234882471656,55,9,0
medium,2.6324090232139463,175.32993298086606,198,7,1
medium,1.4537794195932694,207.0709736670272,194,6,1
small,2.9145681881797065,83.73143125628566,66,3,0
medium,4.573760432162024,211.84130583940137,91,9,0
medium,1.5360617758276427,295.1453731137084,54,5,0
medium,1.634137674117827,177.32808508157035,110,4,0
medium,3.837823438911335,212.99039284027546,42,5,0
medium,2.6676958264037993,251.24608465626997,90,4,0
medium,3.9712270360642115,191.80232499865016,119,9,0
medium,2.979529812307055,170.95199057342583,130,4,0
small,4.052495472134351,86.21317981391239,127,7,0
medium,1.4473828289390387,232.04953596974866,59,4,0
medium,2.9818730238175988,194.34157951355513,162,3,0
medium,2.683964978455265,149.3658074305919,144,2,0
medium,1.176163613843804,206.3298355138847,155,3,1
medium,0.6547830781969673,170.81598215969092,104,5,1
medium,4.028623552911993,173.57869344422372,180,3,0
medium,2.4735714266730326,230.3145578054354,90,9,0
medium,1.4665795775290058,133.08087943380778,165,7,1
medium,2.8557315946150017,252.3657643036879,56,4,0
medium,4.6920282860239535,130.1156918440798,64,8,0
medium,0.0,166.8649295822368,114,6,1
medium,0.7550419651450104,296.14730970332886,120,9,1
medium,1.6156703371570986,256.3677380821211,154,3,0
medium,5.1917683000804935,204.88019962477202,73,4,0
medium,3.4238804743789446,152.9734892249392,177,5,0
medium,4.15097586069184,173.53638466500533,79,3,0
medium,1.2897586213106542,203.66376572928482,116,6,1
medium,1.3206961870942107,201.8761616169799,187,7,1
medium,3.671720575084066,195.45645351870186,117,3,0
medium,3.08741149640317,198.45837429579078,142,6,0
medium,3.82310822829619,189.2812445147443,183,3,0
medium,2.7184935136073216,127.90106321799935,195,3,0
medium,3.4172155896819403,174.17446289195837,109,4,0
medium,3.2371786273576637,245.73120269934233,95,6,0
medium,4.1666510836273885,131.58328512244412,55,2,0
medium,4.210512422916706,190.52222442303608,116,2,0
medium,0.5701920084123452,159.0123035614578,185,9,1
medium,0.0,205.56752146990556,107,2,1
medium,4.502618096477261,180.5683409466591,82,3,0
medium,4.781587639892905,273.86968324873345,39,9,0
medium,1.4690654707299937,225.32915770951269,90,10,1
medium,0.21024689018155707,134.40984171113942,62,6,1
medium,3.148552231510801,233.56140058068493,195,7,0
medium,4.3962573395257944,161.26740718689686,114,5,0
medium,5.696391783651472,171.15018143112331,44,10,0
medium,3.7744463581521766,215.69095100535608,32,6,0
medium,2.4424249551214574,175.41262901349327,173,5,0
medium,1.660304067622706,244.64279081614777,187,3,1
medium,3.017176937505982,161.27449692433024,157,7,0
medium,2.5511029441721154,169.05267237043185,42,8,0
medium,1.4773981414067758,167.18145532259456,37,3,0
medium,6.07313347629493,171.71806258224805,55,2,0
medium,5.677752603108196,254.95957777739065,155,13,0
medium,4.704073025333143,231.43981468051516,157,2,0
medium,1.6187244032863086,285.4971977006036,170,3,0
large,4.282528986445918,313.38221019496274,37,4,0
medium,3.9594396142468526,148.464148403383,47,4,0
medium,3.6638184363060793,203.52095636636443,182,4,0
medium,4.8744979005656655,141.18998416782836,187,2,0
medium,3.953056714291916,161.11970361258665,150,2,0
medium,4.110021354456503,168.49587448721653,39,5,0
medium,3.9553594250583153,147.1422562930863,32,3,0
medium,3.511187112003159,147.4056363550793,30,7,0
medium,0.3245833054287248,192.78578107398727,144,4,1
medium,3.125431616115836,139.16407908067964,172,3,0
medium,2.165712061726312,242.10634795688165,133,1,0
medium,1.0802385635399694,154.1123231291243,67,5,0
large,5.522724928951236,340.4784485048196,156,6,0
medium,5.5934930113285555,177.43077745178024,30,7,0
medium,5.038830900443418,203.6008820958526,169,5,0
medium,3.382820125283812,135.23294077669823,180,7,0
medium,5.025937681428985,285.304587906382,149,1,0
medium,3.0180797709027383,255.9750340401458,178,3,0
medium,3.304195915346669,214.84579353680562,125,3,0
medium,1.3597929443070256,132.65987256102173,104,8,1
medium,3.59548695674826,210.53334388623102,78,4,0
medium,3.0905788926366258,143.92844769913725,185,8,0
medium,1.0460218247483033,273.11776317366804,145,5,1
medium,2.9232043322751045,240.45973659265863,54,5,0
medium,2.8804056542147873,204.7719519243868,192,6,0
small,5.69634174996696,78.18121683763388,30,9,0
medium,4.3413199927701145,150.82920106704847,125,7,0
medium,3.0171681586371992,234.38805657999362,54,2,0
medium,3.3731809647016244,260.6441845861578,139,4,0
medium,3.066318567156297,255.45849057460657,94,5,0
medium,2.6956290228066786,120.39934988792723,98,3,0
medium,1.3763592039175698,215.0776153406452,140,4,0
medium,2.7734221835896062,250.7757608241465,156,6,0
medium,1.88085261502123,117.08322172088774,88,4,0
medium,1.1245266916152805,199.60477423133818,199,4,1
medium,3.7668327218213022,213.6921199154228,109,7,0
medium,3.5868969898998526,184.96177075766326,48,4,0
medium,0.3199387329478831,107.39190722993992,21,4,0
medium,2.8159730437573094,183.71509449631355,56,2,0
medium,4.493552078849885,183.6347284872488,144,4,0
medium,4.588835608344481,192.5963797726123,117,8,0
medium,4.538755264327858,171.82642872874652,80,10,0
medium,3.0583698103521897,177.84939233792664,106,5,0
medium,1.7324320080462734,198.0146858826511,170,4,0
medium,1.374451758962909,222.12273024848557,122,4,0
medium,3.516907357125536,184.77866185716664,30,3,0
medium,3.5689200515477446,179.5175535815999,28,7,0
medium,4.930996667407598,204.6177019127229,106,5,0
medium,4.649969475513125,103.95420370524093,92,5,0
medium,2.801657015203242,223.8517563613229,173,7,0
medium,1.1336911817086959,199.97184514385205,124,5,1
medium,2.521340104483653,201.98467632987808,156,3,0
medium,3.325846792215787,248.0367153797232,125,6,0
medium,2.6968751319158937,102.35922349758759,82,2,0
medium,2.1331588378835162,101.30830650705181,138,7,0
medium,3.3793272224548483,213.69019226617598,131,7,0
medium,2.2440633878840845,199.6441572435742,149,5,0
medium,2.057900874411939,208.5088471595966,54,5,0
medium,3.467179251455159,176.89364624137772,135,1,0
medium,2.397011129806193,233.21768371199656,71,6,0
medium,3.366156583467528,246.631942149556,162,6,0
medium,3.409806034278184,224.19911469757636,163,9,0
medium,1.290856498362638,186.95857707977083,132,4,0
small,2.2781383142018816,94.61553061927985,190,3,0
medium,5.156665409874694,238.4618104018564,116,3,0
medium,1.2568807308985694,261.0864333108796,24,2,0
medium,0.0,232.227920599199,129,8,1
medium,0.2072322701362327,156.01787863162468,159,4,1
medium,3.043664919865004,233.6897196833879,38,6,0
medium,3.0463759170490485,243.02648539807228,38,6,0
medium,2.8235837168623186,277.94081238995426,69,2,0
medium,4.821284743392752,156.1945037886021,171,5,0
medium,0.0,188.67727077279307,114,5,1
medium,3.593900811646235,237.36360255717275,195,3,0
medium,5.34215730270536,202.8705035719079,177,5,0
medium,1.308328852662429,144.13361989743626,119,6,1
medium,2.430290232315157,220.73081425133515,142,7,0
medium,1.8706621241570687,228.93308169075834,79,5,0
medium,1.658480930883707,204.3981448165501,36,4,0
medium,2.51060699246544,210.97924635899722,91,6,0
medium,5.141227925526757,187.0647049157135,126,8,0
medium,5.756080013231281,273.913946785803,52,1,0
medium,2.4960911624397784,154.96539081436617,59,4,0
medium,5.857590321096705,170.63396186181106,22,5,0
medium,3.0533647154769374,200.54927567637628,152,8,0
medium,5.630536540051621,243.94770138504464,181,5,0
medium,2.8600520255197623,125.13134149527316,168,4,0
medium,3.1965867390692164,134.48516251172805,88,3,0
small,3.548211708964252,98.1135746132641,126,5,0
medium,7.768280519051303,201.63476126266355,192,2,0
medium,4.276928362267183,144.0847091396728,126,4,0
medium,1.9391032050728045,180.77249449910417,73,6,0
medium,4.453496805413787,233.0689094945854,80,3,0
medium,2.457251194373488,167.92286396085768,150,1,0
medium,2.2653747256481864,211.56410113716822,100,6,0
medium,4.362902039838167,185.0331046124139,170,6,0
medium,3.046628381656729,233.60571575482183,175,7,0
medium,3.4178638717677092,223.75640336740045,26,1,0
medium,3.020977832797939,165.4033151912695,150,3,0
medium,3.504874689908152,191.56741232997737,86,5,0
medium,3.637448846154224,252.18716988602472,113,5,0
medium,0.09454960094187703,219.66884351270485,67,12,1
medium,3.9998590029143,130.15189711244344,86,8,0
medium,1.526970870254549,232.78090305856912,79,7,0
medium,0.8365512966608831,145.7694688781881,29,3,0
medium,2.9123831342119764,270.6256534980503,160,3,0
medium,3.125971504971681,251.20494199205123,45,6,0
medium,1.959740753141579,214.49427379592004,87,4,0
medium,4.246547786501962,207.86164217180968,54,5,0
medium,0.9867372504436396,189.548387198629,48,6,0
medium,2.3895843768411615,233.9261975700014,87,6,0
medium,2.122688797600499,181.46109152689692,185,8,1
medium,2.930119094490991,211.77849353199468,189,6,0
medium,3.418296426970858,243.59671832597255,88,7,0
medium,1.488160575564683,171.9096728237205,110,5,0
medium,4.086424016184342,169.19036300046528,197,4,0
medium,3.0945035525020494,140.28172596377703,62,4,0
medium,0.1620806200321343,146.7763626936914,190,6,1
medium,0.062112839404453446,108.58023442792488,39,6,1
medium,2.981521060606033,236.49143945077648,60,5,0
medium,2.6685490233204687,290.44572710413854,80,4,0
medium,2.84486982963805,271.2664471735153,26,3,0
medium,2.958026315204673,118.69577556867418,166,6,0
medium,3.338339759265271,236.24273357781,173,4,0
medium,4.421474414772449,271.1053174961778,89,9,0
medium,1.3333426486236628,177.1595009630668,170,5,1
medium,1.2420426106488078,205.07237153250247,159,5,1
small,1.3600142131689261,99.60534745976648,164,1,0
medium,3.4333750007530606,213.33680839883206,164,5,0
medium,4.867421067969668,146.82201352826414,123,4,0
medium,2.352990842640734,209.98175089557571,39,6,0
medium,0.0,121.93985389055598,186,8,1
medium,0.4440107060844367,227.1429112238798,129,6,1
medium,1.7504449158059825,251.2256337713345,182,4,1
medium,2.163406668757178,160.84100691424163,192,4,0
medium,2.3874170591179102,143.15387092947827,53,5,0
small,3.0578716844713756,92.19884787250095,92,7,0
medium,2.5323805037663294,186.67932329624114,54,5,0
medium,4.574009415815111,170.92030328591974,29,6,0
medium,1.985974041477947,122.44902938259726,193,5,1
medium,1.7065230607866855,222.6509378156086,186,4,1
medium,3.7183133077806922,177.50148090676754,187,6,0
medium,0.6965368951108211,146.2132020677384,179,6,1
medium,3.584537557980003,172.27137971797765,136,4,0
medium,3.1538297755894003,253.56522694648078,113,3,0
medium,2.7788362651227487,230.14684718776113,198,2,0
medium,5.382414160723894,193.4986969250755,119,7,0
medium,2.066688832057923,230.95525092324263,135,3,0
medium,6.090447255786118,141.95440218066307,58,6,0
medium,2.661852826157851,201.61850503635154,154,4,0
medium,1.0844753325446579,207.36611652432353,167,8,1
medium,3.104879371492238,176.50817457506366,142,8,0
medium,1.3856321995218477,221.7729167978709,109,5,0
medium,1.8723662282797497,160.97832726777744,55,5,0
medium,3.5955499500232366,225.4910353888059,26,0,0
medium,3.8333731329751872,227.5929385765646,132,4,0
small,2.0667484496186126,54.14200596514669,142,4,0
medium,4.481107717569601,259.5152851755059,159,6,0
small,4.736261637031701,50.0,191,7,0
medium,5.154452634844937,169.19754872219374,109,4,0
medium,3.794120110688583,251.26740171288776,169,5,0
medium,5.045143068128548,184.13566373737797,148,4,0
medium,0.17880235803891342,126.6907008765229,69,3,0
medium,2.5231401770573063,145.31314691416648,172,14,1
medium,1.6994921155148606,251.34528731603098,29,5,0
medium,3.178838791691088,103.92477347256809,127,3,0
medium,2.142826171204894,256.4495550481009,189,4,0
medium,2.7507632370754016,197.24489504788554,138,10,1
medium,5.823262320306074,140.38023347787833,188,5,0
medium,2.7454203053694326,170.84424638486544,30,5,0
medium,3.620688475785321,149.13878294491795,115,7,0
medium,2.6515960051136473,243.31126004292642,160,5,0
medium,3.1135699319352503,236.6213904881419,135,9,0
medium,3.009025020654107,114.04194330619767,178,10,1
medium,3.672486098959739,179.8203940740333,103,5,0
medium,4.747961303320765,156.84071688278615,142,4,0
medium,5.471090996404994,264.67549842296853,95,3,0
medium,3.4644301228637504,132.49504409367896,176,5,0
medium,3.884320329053403,280.2114552342507,41,5,0
medium,1.2737032362216496,198.33526302415314,65,2,0
medium,2.8681848863765693,141.9032796809956,37,4,0
medium,4.410434197325383,166.1362907995361,146,5,0
medium,4.29895295762573,159.91905796157747,61,3,0
medium,3.3174145991925754,136.2690798992247,77,7,0
medium,4.329590939351928,204.7413429865188,170,8,0
medium,3.736150063490728,138.60422246540784,84,10,0
small,4.800459387388982,90.98168956309055,46,4,0
medium,3.4340387354356667,181.01617645759134,23,4,0
medium,2.466452526643448,109.85719017910587,60,4,0
medium,3.5037618853995354,162.39195659662397,184,8,0
medium,0.0,154.5448555698322,118,4,1
medium,3.574328604577574,156.4391963987093,199,8,0
large,0.0,300.0481550795077,58,6,1
medium,0.41480488889187295,202.82057835847854,83,3,0
medium,3.6776529014114763,212.26855044976662,49,8,0
medium,3.7162940059001928,111.18008518288526,91,6,0
medium,1.2563568297901044,167.3018433181539,121,2,0
medium,1.9318469371815918,210.7651314970756,165,5,0
medium,5.055811482921198,148.77355435434967,86,6,0
medium,2.273954802640986,245.40314217589926,158,8,1
medium,6.364380468604478,139.8651707049485,132,5,0
medium,2.9971202202354807,185.68169320674122,72,6,0
medium,3.6120542653219,170.69741800122208,184,5,0
medium,5.425311597747911,208.2160329690958,98,3,0
medium,3.1965406742901292,167.9754964072287,47,3,0
medium,1.4964840289637982,186.45531864645312,193,8,1
medium,2.835408822458565,188.1934954111007,184,7,0
medium,2.9465838957148636,163.28061213043495,28,5,0
medium,0.9528875216976519,224.25469342485565,182,7,1
medium,2.616251892988765,211.91941874187125,190,3,0
medium,1.886711859003845,195.56930273734164,169,6,1
medium,4.386536635781151,178.4770833269021,65,4,0
medium,3.0519178112778835,239.82720152599984,133,6,0
medium,2.5758063762786447,188.20828780929094,116,6,0
medium,2.8407271040661355,184.66513560870314,131,6,0
medium,3.334683027609249,205.2345014944063,130,2,0
medium,3.9252212995346696,284.82933414854256,135,7,0
medium,1.500431656995928,132.9821895989398,112,3,0
medium,1.437618551068092,238.49284465276773,144,5,1
medium,4.657018823103795,105.34144193809475,114,6,0
medium,2.3814946916929043,210.8636579114312,22,1,0
medium,0.8747368611046888,278.7541413804365,26,7,0
medium,3.665719064074657,224.43342622336536,192,5,0
medium,3.6950547090490304,208.53125392698965,183,5,0
medium,0.7039271141149404,171.9775265598462,125,6,1
medium,3.3442225731954096,201.5523600244277,51,5,0
medium,4.103374638642561,187.3968592298322,160,5,0
medium,3.5615796775593944,160.70116960343222,45,5,0
medium,3.947972225642093,185.50621922625652,87,10,0
medium,0.8935963528638764,209.91905803132198,79,7,1
medium,3.4965602324942933,161.639146573468,22,5,0
medium,2.5460703607943302,159.6859089657658,165,7,0
medium,2.2758147619130327,131.98782812039127,111,2,0
medium,4.30583341412959,219.53625130444482,76,5,0
medium,5.218911766011345,227.26616309835302,111,6,0
medium,5.691555081900538,211.58302221182586,20,3,0
medium,4.972211807258858,248.2585246364333,98,4,0
medium,2.8353987275547246,204.39338185403636,113,6,0
medium,3.5290802445395144,219.60054686828784,81,9,0
medium,4.1502343076763655,215.19187128187815,169,3,0
medium,3.181766923949193,195.4229990290896,64,4,0
medium,3.1961462818673168,173.45890859351763,44,2,0
large,4.235629697814273,310.70763078959556,114,8,0
